<?xml version="1.0" encoding="utf-8"?>
<network-security-config>
    <domain-config cleartextTrafficPermitted="true">
        <domain includeSubdomains="false">localhost</domain>
        <domain includeSubdomains="false">10.0.2.2</domain>
        <domain includeSubdomains="false">10.0.3.2</domain>
    </domain-config>
    <base-config cleartextTrafficPermitted="true">
        <trust-anchors>
            <certificates src="system" />
        </trust-anchors>
    </base-config>
</network-security-config>